pH,temperature,gas_level,weight_kg,energy_mJ
1.5,35.95,626.47,3.099,26.5085
4.2,32.11,335.59,3.961,27.7666
1.2,42.74,610.84,2.746,25.4367
10.3,34.9,590.76,1.459,13.6568
13.7,37.41,472.63,1.886,13.1101
7.7,41.54,371.6,4.579,44.3689
11.1,43.74,370.39,1.465,12.0959
11.1,23.66,356.77,4.634,25.7975
6.6,23.37,610.1,0.373,3.2945
0.8,43.52,383.68,0.314,2.2766
6.8,37.04,694.26,3.118,39.3637
4.1,40.39,705.48,2.708,31.5534
10.5,42.01,324.36,4.078,32.1948
7.0,25.48,561.95,4.966,44.899
7.9,35.92,351.24,0.149,1.268
6.8,29.46,607.3,2.888,29.3128
3.4,23.04,458.95,3.134,19.8558
10.8,33.96,655.96,0.199,1.8822
3.1,32.43,651.09,3.319,30.1855
6.0,35.18,717.59,0.322,3.8474
5.2,26.05,411.57,3.589,25.6649
3.2,33.03,455.75,4.532,34.8295
4.8,29.77,788.52,0.376,4.0174
3.1,21.52,734.48,2.279,17.603
9.2,25.58,712.95,2.445,22.5212
4.9,39.85,518.92,1.043,10.6566
11.0,38.06,342.37,1.733,12.6933
6.2,31.4,767.28,3.317,38.8292
2.8,38.17,374.51,0.37,2.7835
12.6,41.41,312.04,0.953,6.4054
10.9,43.59,304.19,0.749,5.7721
11.1,44.47,397.07,0.128,1.1017
6.3,23.02,759.46,0.871,8.5252
0.6,21.6,365.75,1.386,6.3542
12.0,36.4,337.08,3.344,22.1656
12.5,37.03,374.17,3.331,22.5381
1.6,37.99,458.12,1.606,12.194
1.3,26.61,645.65,0.21,1.5009
6.8,44.35,560.1,2.132,26.954
3.8,27.73,768.2,3.155,30.0306
11.6,34.65,657.36,3.222,29.3752
8.7,25.4,595.45,2.619,22.3106
13.6,42.62,587.09,0.663,5.6607
7.2,26.44,640.64,3.84,37.6975
12.7,39.94,667.43,2.369,22.1883
12.4,44.19,336.31,3.786,27.7744
14.0,22.66,617.79,4.429,25.6984
7.3,29.59,727.88,3.776,42.3959
4.4,30.77,424.91,0.344,2.6308
5.1,31.84,799.77,2.965,33.8463
7.9,36.8,754.8,3.388,43.1693
3.1,41.65,360.6,4.481,35.8271
1.0,32.76,771.03,1.517,13.3306
1.0,21.49,555.27,1.92,11.0157
11.5,43.02,434.15,2.527,21.5828
6.0,20.56,562.14,3.821,29.2743
3.2,43.32,325.87,4.943,39.1953
12.7,30.51,418.08,0.518,3.2151
5.1,40.1,388.33,0.802,7.254
3.9,23.09,508.69,1.801,12.3826
11.7,34.38,426.27,1.859,13.4098
1.7,27.42,761.94,3.687,30.3575
13.8,32.6,447.49,1.25,7.697
3.0,20.42,698.5,1.951,14.1543
5.8,21.34,366.9,4.417,27.8548
7.3,34.58,797.09,4.139,54.0308
11.0,38.03,753.24,1.006,10.9567
11.1,43.71,794.05,2.768,33.9623
2.9,43.21,317.05,2.693,20.6987
5.1,35.97,506.14,0.316,3.0148
13.4,31.23,515.63,4.494,29.7651
8.0,27.49,546.27,3.905,34.5061
7.7,42.13,365.32,4.945,48.0261
6.0,32.01,563.7,4.831,47.5305
4.8,44.6,653.42,4.832,59.985
1.7,36.72,676.65,4.622,42.4431
0.3,42.46,509.31,3.932,30.858
13.1,39.68,693.11,2.938,27.2177
12.9,35.69,692.42,1.091,9.5615
11.1,31.16,609.16,2.309,19.4994
10.3,41.97,621.46,2.778,30.178
3.6,22.94,312.63,4.12,22.3376
0.4,20.49,365.69,4.82,21.1903
13.9,21.17,511.51,2.65,13.5314
10.1,29.72,598.77,4.949,42.7679
0.1,34.68,623.09,0.878,6.6113
11.6,32.78,517.67,0.619,4.7925
12.5,44.44,787.93,3.869,43.5803
2.7,23.55,383.95,1.493,8.446
8.5,29.35,639.75,4.368,42.5429
3.0,28.54,786.46,3.605,33.713
13.0,36.33,636.02,2.44,20.4607
11.2,23.62,309.95,4.552,23.7837
7.4,34.16,605.17,4.445,48.8103
11.1,23.09,429.96,1.08,6.4408
0.4,44.31,709.87,2.681,26.1634
11.9,27.31,678.29,1.263,9.9509
6.8,40.34,367.3,0.921,8.9325
4.1,37.25,406.51,1.367,11.355
6.4,28.09,314.77,2.858,20.3343
13.1,43.11,669.56,3.691,35.445
12.1,37.29,350.77,1.813,12.324
3.8,35.6,326.54,2.502,18.0805
0.5,32.15,363.36,3.092,17.5912
2.8,24.95,525.73,4.9,33.4112
9.2,31.82,732.05,4.102,43.6332
5.4,29.08,475.57,0.636,5.2446
4.4,31.19,754.21,4.463,46.6667
10.4,34.78,418.83,1.137,8.892
6.0,34.85,303.94,2.434,19.0876
11.1,34.62,707.98,1.275,12.5197
7.8,22.58,385.21,4.605,31.1931
1.9,42.43,619.35,0.211,2.0564
10.2,26.06,787.97,4.146,38.6762
13.2,41.76,785.65,3.267,33.5069
10.6,34.03,402.26,2.272,17.0018
13.2,31.27,643.71,1.622,12.2853
7.3,31.62,523.99,3.043,29.6591
13.3,23.92,549.63,3.12,18.4438
12.3,36.25,304.14,1.053,6.5535
9.9,32.23,490.1,1.065,8.815
5.9,27.04,503.56,3.816,31.8681
3.4,22.77,694.67,0.847,6.6434
6.3,23.4,755.78,0.645,6.3503
8.3,42.31,726.03,0.765,10.2291
3.9,43.57,782.18,3.749,48.3369
8.1,32.49,691.24,3.361,37.1777
6.9,39.86,513.03,1.955,22.0818
3.0,38.3,598.52,0.119,1.1414
1.9,35.63,672.81,0.929,8.4531
10.1,43.35,389.62,3.63,32.3609
12.9,23.88,504.17,4.094,23.8077
7.4,44.66,736.24,2.193,32.1595
9.4,22.78,746.77,1.671,14.6822
9.0,40.7,405.87,0.77,7.1334
7.3,27.14,467.25,0.123,1.0341
0.2,24.61,750.65,4.979,34.321
10.4,44.86,484.69,1.578,15.6591
9.9,40.49,728.83,4.683,55.7149
3.6,30.2,486.69,2.634,20.2714
7.5,24.59,695.66,2.833,27.5678
0.8,39.12,412.15,1.01,7.0352
1.8,24.99,722.79,2.111,16.0877
8.9,34.61,357.46,1.214,9.6307
13.0,39.23,337.46,2.224,14.4559
6.9,29.96,629.91,0.968,10.1782
3.8,43.4,405.44,2.326,20.9963
9.5,43.48,533.66,1.836,19.7334
5.2,35.38,461.63,4.529,41.0876
13.3,37.64,413.32,0.364,2.4572
6.4,31.4,497.12,4.099,38.1475
2.1,31.39,527.76,2.667,19.9088
2.3,20.87,530.16,2.554,15.3992
3.0,25.58,473.01,4.209,27.9554
11.4,39.19,797.56,3.445,38.6336
11.9,44.97,619.79,3.811,39.1869
2.4,41.3,610.64,1.701,16.693
8.8,43.51,543.08,0.21,2.3699
6.5,20.76,483.65,0.599,4.3834
0.0,20.92,713.61,4.128,24.9444
1.3,43.46,614.53,1.92,18.1763
13.0,43.53,369.39,3.719,26.9168
8.6,31.08,385.17,2.041,15.8933
10.6,42.25,548.13,1.604,16.0649
3.4,39.71,501.12,1.113,10.2129
12.7,34.78,327.73,2.724,16.5322
8.7,39.61,327.35,1.795,15.1635
9.7,21.41,639.95,0.84,6.4208
7.1,39.89,595.37,2.944,35.9734
13.7,33.48,597.19,2.195,16.0338
4.2,23.68,779.34,2.661,23.9396
8.2,31.92,505.66,4.34,39.8758
11.3,26.0,482.68,0.367,2.4379
7.3,43.88,357.86,3.979,40.2066
10.0,32.39,795.5,0.816,8.8125
5.6,41.45,478.78,4.827,50.5444
10.0,35.86,683.94,0.771,8.1135
9.3,39.37,732.39,0.552,6.6912
5.3,24.35,535.03,2.585,20.3252
2.6,23.31,421.36,4.183,24.3728
5.6,38.85,737.63,3.296,41.7939
13.3,29.86,523.15,2.023,13.2338
4.1,32.65,774.83,0.905,9.7223
2.0,43.64,623.66,0.156,1.5662
12.8,34.92,441.25,4.351,29.8943
13.6,21.4,315.03,3.837,16.2385
9.6,40.01,714.35,4.848,57.5381
13.4,21.67,788.18,4.87,33.277
12.9,43.99,740.82,4.047,42.4081
2.7,30.06,558.39,2.634,20.5082
6.1,42.59,606.34,4.875,60.35
3.2,20.14,482.81,1.735,10.3786
10.5,42.8,641.24,2.062,22.8236
3.0,34.01,599.35,1.036,9.2123
9.3,31.91,555.3,3.875,35.168
5.1,20.75,485.9,4.623,31.4658
3.9,40.42,788.59,0.818,10.0742
5.2,23.38,595.57,0.624,5.052
2.9,23.03,693.08,3.96,30.2558
7.9,23.33,330.7,1.111,7.1492
4.6,43.07,514.68,0.75,7.9068
6.9,41.87,516.72,1.176,13.779
11.5,31.76,563.11,3.675,29.3385
10.2,44.67,713.95,2.998,37.0101
4.0,28.54,641.76,3.114,27.4611
2.5,40.05,627.4,1.397,13.7213
0.7,27.02,562.5,2.038,13.0561
4.8,30.93,744.5,0.439,4.6358
9.8,25.16,411.41,1.729,11.4569
12.6,20.36,390.44,2.334,11.3056
3.2,21.18,548.13,1.119,7.3236
2.3,37.92,761.18,2.938,30.7344
14.0,41.39,719.11,4.588,41.7814
7.0,34.84,427.96,2.877,27.4077
6.8,38.3,439.12,0.725,7.3565
13.7,35.77,571.29,0.977,7.2666
2.3,39.33,353.7,0.397,2.8796
8.5,44.23,660.11,3.732,48.1533
6.6,38.79,530.34,4.051,45.0172
2.8,34.52,415.01,4.758,35.1026
8.8,24.3,341.97,0.301,1.9126
3.9,38.8,498.01,1.639,15.2144
0.5,31.53,669.97,4.171,31.7749
13.5,33.5,747.06,3.864,32.5753
3.1,27.65,490.75,1.921,13.6665
9.5,32.71,521.61,2.83,24.9619
2.7,41.57,439.31,2.102,17.8643
13.8,41.08,673.19,2.982,26.4013
0.7,32.0,687.44,0.419,3.3176
7.9,40.24,654.74,1.674,20.8178
5.2,26.81,734.72,3.482,34.2833
8.6,21.34,727.5,0.913,7.9791
4.4,33.14,596.27,4.245,40.2756
5.7,33.25,579.92,2.59,26.0692
6.8,34.24,319.19,0.963,7.93
1.4,21.95,485.94,1.915,10.6755
1.3,22.25,511.2,3.178,18.1731
12.8,28.6,474.62,1.175,7.3973
6.7,25.61,364.99,0.749,5.4487
5.8,44.48,551.56,4.154,49.5632
5.0,40.97,636.99,2.397,27.9956
10.7,43.27,698.01,0.616,7.1236
11.3,40.04,470.07,1.992,17.0494
6.5,44.9,684.72,1.321,18.5385
11.3,28.61,417.05,4.197,27.4937
7.3,44.2,334.71,0.592,5.8497
5.5,41.98,721.37,4.561,59.787
13.6,38.21,477.55,2.585,18.4492
14.0,24.78,620.03,3.586,21.8848
2.5,43.41,602.69,1.248,12.66
7.7,33.95,346.34,3.733,30.7913
12.3,30.56,641.62,2.664,21.1571
13.2,26.99,482.31,1.319,7.8642
7.9,30.63,684.71,3.069,32.9099
12.6,39.69,799.66,1.047,10.9475
4.3,40.86,526.96,3.559,36.0193
12.1,20.41,496.61,1.343,7.5431
12.2,35.49,346.77,4.254,27.6895
3.3,33.67,531.65,2.869,24.2358
8.5,37.7,706.91,1.986,23.9485
4.4,24.8,584.56,2.646,20.9385
1.3,28.2,486.69,2.91,18.5239
6.8,36.98,796.06,0.4,5.4746
5.4,44.7,570.12,3.987,47.5419
10.8,22.88,754.3,3.878,31.6268
3.2,40.23,662.9,2.609,27.709
9.2,37.38,589.09,1.322,13.7642
6.7,23.68,586.73,1.352,11.8338
13.8,44.63,443.03,0.815,6.1372
9.2,24.2,776.82,4.366,41.0517
13.7,20.17,328.51,4.727,19.5845
0.8,28.06,656.41,3.859,27.7029
13.8,38.22,405.9,4.669,30.4247
0.1,36.82,599.17,4.263,32.6459
2.1,24.36,310.39,2.073,10.5327
9.0,20.3,459.98,0.695,4.53
4.0,34.64,532.73,1.888,16.9521
9.4,32.06,385.19,2.166,16.4432
0.0,34.89,354.72,0.258,1.4728
7.3,38.88,743.51,0.204,2.7542
11.4,42.06,688.16,2.908,31.3099
14.0,22.25,587.12,3.719,20.785
11.2,40.55,708.66,3.741,40.4892
7.1,38.61,380.86,0.95,9.1355
11.6,42.87,730.05,2.486,27.7117
5.8,38.91,549.13,0.352,3.8282
13.2,38.51,665.55,2.412,21.2468
1.5,34.05,467.54,1.68,11.9239
0.5,26.29,391.82,1.441,7.5169
1.6,20.15,575.89,1.191,7.0306
6.6,35.91,794.83,0.151,2.0054
13.1,43.88,767.86,1.402,14.7732
3.8,43.52,313.62,1.086,8.8257
2.2,35.71,595.66,1.145,9.9434
12.6,43.45,442.81,1.825,14.7149
3.6,41.54,332.83,4.631,36.8784
8.7,26.96,400.83,3.994,28.9405
11.8,40.15,683.62,1.4,14.1806
4.2,39.11,530.23,2.295,22.5
1.6,36.6,467.05,2.57,19.2233
8.8,26.48,682.91,2.258,21.149
8.6,37.9,356.47,1.981,16.9188
9.6,31.78,694.6,3.479,35.0481
2.2,30.81,397.81,4.793,31.1072
4.6,22.17,344.5,0.474,2.7808
11.1,35.81,328.38,4.133,28.4368
2.0,35.29,492.98,1.199,9.2422
6.3,41.82,511.41,1.358,15.3387
5.3,41.11,646.89,2.751,33.0257
4.6,43.05,766.32,2.635,34.6575
1.5,35.67,684.13,4.817,43.0964
13.6,42.66,719.39,0.854,8.1841
9.2,44.74,337.04,0.991,8.9472
5.6,31.78,364.91,1.255,9.7851
12.5,22.93,512.7,1.195,7.051
12.9,40.42,786.77,3.431,35.2044
12.0,21.3,786.8,4.859,36.2556
10.8,21.59,561.16,2.846,19.0456
13.5,21.13,498.4,2.263,11.7424
0.1,26.35,682.0,3.572,23.9953
1.1,21.16,677.57,1.966,12.5759
2.0,39.02,630.7,4.81,45.067
7.5,29.54,761.46,0.488,5.5662
11.0,39.63,552.18,3.339,31.3738
6.9,41.42,426.28,3.614,38.2974
9.6,24.3,743.0,0.562,5.0401
1.6,30.32,546.73,0.31,2.2313
7.6,23.89,558.11,4.189,35.3252
4.3,35.35,450.25,2.488,21.1898
2.6,24.93,736.27,0.763,6.1883
13.2,29.63,464.77,3.619,22.3827
13.8,37.52,686.72,4.686,39.5202
5.5,34.0,552.87,3.418,33.6502
3.5,34.9,436.97,2.913,23.1419
3.5,44.71,792.36,1.847,23.8551
12.3,25.57,677.89,4.642,34.2833
12.9,23.6,594.24,1.716,10.8047
4.2,25.93,702.08,1.614,14.3462
6.9,21.9,323.2,3.989,25.6279
10.7,42.56,599.25,1.517,15.9163
0.4,32.9,381.33,3.568,20.8641
7.4,26.28,673.88,1.667,16.6144
5.6,29.09,694.23,3.275,33.4257
10.2,41.14,781.47,4.286,52.8045
9.8,21.3,453.23,0.82,5.1972
6.5,28.55,534.38,1.99,18.2403
7.9,39.95,554.44,0.761,8.6001
11.5,24.7,750.8,4.372,35.4636
9.6,31.16,727.84,4.011,41.0346
2.1,22.7,464.52,4.121,23.988
1.6,20.53,363.19,0.637,3.0454
10.9,41.19,783.36,3.037,35.9398
1.3,25.78,422.38,2.667,15.0737
6.0,28.76,436.09,1.832,14.8709
4.4,23.98,690.42,0.368,3.1378
4.2,31.55,466.57,3.112,24.9635
0.9,25.47,408.44,0.103,0.5535
4.0,37.39,430.09,1.772,15.0505
10.3,25.92,518.63,4.665,34.1085
3.2,37.98,334.74,3.351,24.592
7.2,26.07,530.28,0.228,2.0056
3.3,29.13,362.25,2.291,14.807
0.8,22.66,333.5,3.6,16.5342
3.6,41.3,567.67,4.217,42.883
3.9,29.27,448.71,2.188,16.178
13.6,27.29,570.69,2.204,13.9967
6.3,25.16,385.16,4.333,31.2894
3.9,23.33,477.54,2.849,19.0888
4.5,27.81,518.89,1.33,10.6124
2.9,40.13,638.88,0.114,1.1618
11.5,31.4,511.04,2.507,18.9014
9.2,22.06,711.78,2.551,21.662
9.3,25.6,544.71,4.471,35.287
6.2,28.85,551.71,4.014,37.0608
13.3,39.25,627.69,4.014,34.3916
4.5,22.81,642.53,4.494,36.0048
7.9,22.92,474.06,3.136,23.4385
6.7,35.61,692.65,1.692,20.6923
0.8,30.85,771.54,2.705,22.5914
5.7,31.28,694.9,0.514,5.5126
10.9,30.74,449.58,2.934,21.3032
5.5,24.14,465.26,4.678,34.5131
3.1,23.96,464.49,4.716,30.1322
11.7,20.13,357.76,4.052,19.9743
8.3,42.18,315.58,3.911,34.7154
7.9,35.12,764.23,1.418,17.6653
2.9,44.89,614.63,2.399,25.8233
8.0,36.96,660.31,2.473,29.0668
1.3,29.39,359.54,2.034,11.5576
4.6,24.71,516.96,0.641,4.8013
5.1,34.63,580.66,0.834,8.3414
10.5,24.65,406.17,4.804,30.0188
12.8,40.35,354.87,3.592,24.6308
12.2,42.07,483.94,0.783,6.6244
0.6,40.12,583.36,4.935,40.916
11.3,32.78,350.75,2.227,14.6949
1.6,34.79,445.19,2.617,18.5205
5.9,42.35,508.56,2.057,22.8829
4.7,31.14,526.03,4.152,36.0934
10.5,22.7,550.06,4.286,29.6793
7.0,43.54,315.19,2.651,25.7052
12.9,30.78,591.58,2.607,19.0715
1.5,38.61,505.06,0.447,3.5737
1.6,22.68,340.28,1.397,6.8466
10.3,41.32,747.98,0.561,6.7107
0.2,26.95,735.56,0.893,6.4003
13.9,29.82,557.03,4.811,31.0652
11.9,26.25,780.65,4.976,41.6558
11.4,26.35,539.85,4.218,29.6843
10.7,31.2,534.31,0.915,7.3927
12.7,41.7,567.9,0.166,1.464
5.7,38.6,544.68,2.406,25.7807
3.8,40.64,612.4,0.208,2.2063
10.0,24.23,505.2,4.597,32.5214
9.7,27.75,502.19,3.564,27.6174
10.1,36.92,462.81,3.62,31.3817
10.2,24.56,738.76,0.899,7.8033
1.1,32.41,659.76,4.4,35.2964
12.7,41.73,650.75,1.888,17.9511
0.6,40.04,505.84,1.552,11.931
13.3,34.32,642.41,4.552,36.2227
13.5,28.0,573.14,2.184,14.2154
9.1,37.68,305.97,3.612,28.1333
2.4,25.71,519.65,1.359,9.1302
8.5,26.14,587.54,0.626,5.4393
5.0,26.05,572.24,2.729,22.7025
6.5,31.13,631.94,3.486,36.8245
0.7,44.68,458.76,3.305,26.2814
9.2,35.29,368.92,0.986,7.8922
11.0,33.65,386.96,1.3,9.2643
13.3,26.1,717.67,1.999,14.3893
9.5,20.65,472.5,0.917,5.9379
1.4,40.25,676.72,0.751,7.1764
9.9,29.06,722.55,3.451,33.1292
9.1,23.67,591.03,4.725,37.7182
10.4,38.41,427.52,3.984,33.5362
5.3,22.54,712.38,0.712,6.2899
7.3,34.9,585.2,1.673,18.3789
13.1,20.79,451.04,2.757,13.9149
2.3,34.27,483.14,3.193,24.3973
5.7,21.12,588.55,1.558,12.2064
7.6,34.42,747.51,1.037,12.7838
13.7,39.93,726.92,2.891,26.4628
2.4,44.2,488.54,2.998,27.4257
2.9,43.27,668.65,0.593,6.5254
13.3,39.29,713.54,1.468,13.5443
4.1,42.07,303.63,1.99,15.8878
9.3,37.54,761.95,2.551,30.6882
13.3,31.52,557.43,1.073,7.4959
7.0,24.56,607.3,3.096,28.5968
9.0,43.91,437.73,3.636,36.7129
0.4,41.26,514.95,4.348,33.9072
8.6,23.82,454.18,3.445,24.8076
1.2,32.92,600.25,1.141,8.83
2.3,35.45,313.09,2.534,16.3612
10.3,29.51,416.76,4.352,30.8766
1.9,42.55,604.74,1.301,12.538
9.1,34.57,353.96,1.731,13.515
5.5,28.08,738.28,4.862,50.124
8.4,42.24,654.72,1.233,15.4276
6.1,40.09,535.99,3.284,36.5485
13.8,24.72,718.23,1.248,8.4003
4.7,22.61,668.4,1.921,15.8445
12.1,29.54,699.92,4.84,40.1251
11.4,28.41,678.94,4.196,34.9673
1.8,39.07,423.28,4.645,35.0933
7.5,24.78,539.75,0.847,7.1979
7.5,30.83,459.13,3.909,34.7835
11.7,23.49,505.59,1.323,8.2859
2.3,36.58,351.54,1.248,8.6109
9.2,36.13,357.69,4.574,36.6874
2.7,40.71,753.25,4.325,48.357
10.2,25.44,399.26,3.099,19.9127
6.5,42.62,448.6,4.001,43.3786
1.1,20.15,485.64,2.544,13.2867
11.7,44.87,321.63,2.214,16.8992
4.0,20.57,534.45,0.101,0.6745
13.3,28.51,650.83,4.729,33.8539
3.0,20.65,384.48,3.779,20.348
5.7,32.82,596.64,2.998,30.3957
8.6,34.11,604.75,0.439,4.5196
12.9,44.57,727.66,3.273,34.2413
2.2,24.38,558.8,4.307,28.7936
5.3,26.5,537.27,1.78,14.7059
8.7,37.26,672.23,4.138,47.5753
9.2,34.85,640.75,2.825,29.4497
9.1,36.64,317.12,0.883,6.847
12.8,32.67,376.01,1.85,11.3451
0.9,43.65,508.47,1.53,12.7774
12.9,36.06,390.59,4.083,26.9033
11.2,35.65,488.74,1.187,9.659
8.2,43.77,793.79,0.664,9.6401
3.8,25.4,514.69,0.967,7.0049
2.9,39.1,321.91,1.555,11.2413
4.8,41.17,654.85,3.313,38.9925
2.9,30.31,542.31,4.223,32.9568
3.3,35.14,372.86,0.228,1.6742
9.0,28.19,587.75,1.189,10.5007
3.9,29.11,459.08,1.397,10.4084
7.7,40.97,746.5,0.19,2.6085
9.7,31.75,764.13,0.818,8.6652
9.3,33.51,647.71,3.674,37.3814
8.6,44.38,587.36,1.588,19.1456
4.6,35.34,426.35,1.637,13.8246
5.3,37.91,705.33,4.952,59.2062
4.8,23.95,586.83,3.282,26.1189
13.8,25.66,440.12,3.497,18.5466
6.3,29.58,697.22,4.705,50.4514
10.0,37.32,766.45,0.659,7.6121
9.1,35.61,529.53,1.883,18.0622
13.9,42.11,728.35,3.901,36.4928
11.1,35.25,630.91,2.694,25.0513
13.2,40.84,339.54,0.973,6.4195
2.0,36.62,636.86,4.394,39.7104
2.9,26.29,411.98,1.789,11.2397
2.3,39.54,595.94,4.783,44.6954
3.2,40.69,545.77,4.95,47.6375
14.0,43.18,784.78,3.092,30.5399
2.6,42.8,722.92,3.438,38.5535
13.3,34.92,555.9,3.754,27.9154
3.5,41.08,315.58,4.888,37.606
3.3,24.6,457.91,0.456,2.9723
12.9,21.02,789.71,2.9,20.2479
7.9,26.06,315.4,1.653,11.0988
11.8,40.89,718.34,2.607,27.5153
12.8,29.72,639.6,4.545,34.228
10.5,29.19,381.42,1.143,7.6536
11.2,22.78,573.43,2.235,15.1784
12.0,35.82,637.49,4.583,40.8559
13.8,21.15,656.74,3.906,22.9714
2.4,23.44,334.09,1.371,7.1604
10.2,35.65,557.21,1.187,10.9815
6.6,42.62,650.63,0.542,7.1644
1.7,32.36,633.42,1.031,8.4186
13.3,34.94,603.05,1.082,8.4083
3.7,40.65,482.22,2.784,25.9239
13.8,26.59,643.42,2.414,15.8886
11.4,31.69,400.4,3.174,21.57
0.1,23.54,317.41,0.135,0.5891
14.0,42.31,468.63,2.411,17.7065
0.6,22.95,377.32,3.584,17.1911
10.4,37.34,307.23,3.37,24.2364
1.7,23.4,446.8,4.307,24.351
6.2,31.61,388.53,2.191,18.0562
0.4,35.95,759.85,1.694,14.9766
9.5,29.09,426.25,2.184,16.2663
2.9,38.83,429.21,4.097,33.3313
3.3,38.52,359.04,0.183,1.4036
0.6,29.76,569.38,0.353,2.3911
11.7,40.07,413.22,1.777,13.9601
8.1,30.36,586.98,4.057,39.2871
7.4,22.76,372.57,4.177,28.5913
8.1,35.07,581.36,1.413,14.8856
4.7,42.77,587.98,4.757,53.8214
13.3,27.95,389.66,4.541,24.8405
6.7,24.36,517.75,4.712,39.2265
7.7,22.77,590.7,1.746,14.7137
5.0,24.83,516.54,1.645,12.6301
3.8,30.19,605.16,0.535,4.6664
10.3,27.36,403.31,4.319,28.8818
12.0,36.62,515.46,3.384,27.3168
8.9,23.03,301.36,3.148,18.3903
8.5,21.76,592.1,3.828,30.2303
4.7,44.52,476.98,4.549,47.5056
13.0,42.91,534.95,2.68,22.8653
12.4,34.88,511.48,4.281,32.4747
3.9,42.16,514.92,1.488,14.8494
3.5,22.86,388.6,2.443,14.3695
0.4,41.86,465.37,3.504,26.2451
0.8,35.63,765.91,4.845,44.0718
3.5,22.05,582.3,1.14,8.0127
3.8,29.69,670.94,0.901,8.2435
10.3,31.1,760.23,2.514,25.3063
9.9,20.98,498.11,4.668,30.56
3.5,24.72,443.98,0.265,1.7277
11.2,40.89,553.32,4.288,40.6719
8.8,33.83,624.24,1.437,14.8145
4.6,20.74,676.51,0.96,7.5801
12.5,34.65,356.62,0.349,2.2174
1.0,33.92,654.37,2.371,19.3388
12.4,24.87,749.99,2.294,17.5827
5.6,26.01,564.85,0.59,5.0325
3.9,30.3,612.72,0.819,7.251
1.3,24.88,740.51,0.759,5.656
2.9,29.7,426.31,1.656,11.3461
0.1,36.27,547.43,3.277,23.6824
13.7,22.91,559.77,2.716,15.3754
2.3,25.71,743.85,3.253,26.4869
7.3,24.13,706.29,1.243,12.2011
13.9,23.42,568.51,1.766,10.0463
13.6,36.59,705.12,1.631,13.951
1.2,20.42,611.27,1.55,9.2536
12.9,24.11,636.39,4.078,26.9778
2.0,38.67,468.43,1.963,15.6593
10.0,30.01,463.98,2.919,22.3915
0.9,20.8,758.66,2.812,18.7877
12.8,35.3,670.29,2.541,21.8568
9.0,35.27,759.02,3.761,44.0934
10.1,39.21,493.4,2.434,22.6466
13.0,35.3,411.97,2.112,13.9574
7.5,27.05,696.74,4.394,45.1575
2.2,22.55,652.1,1.074,7.4905
4.0,34.9,489.54,2.218,19.1731
12.4,32.91,795.75,2.695,25.2491
2.9,23.63,656.79,3.131,23.5178
9.3,39.72,571.2,3.334,35.335
1.3,23.79,726.49,1.516,10.8981
7.2,40.93,522.48,1.257,14.5132
4.8,22.48,577.41,2.933,22.3652
11.9,29.29,520.95,2.508,17.8379
2.6,43.91,475.62,0.975,8.8768
8.4,23.86,648.14,2.112,18.516
10.3,29.36,775.13,4.568,44.9415
4.2,30.08,661.99,1.474,13.8092
6.1,33.81,646.28,3.163,34.8788
5.7,28.86,302.92,3.926,26.9584
1.0,25.41,722.49,1.423,10.3516
9.6,37.98,404.14,3.46,29.5403
7.2,21.26,780.79,3.475,34.0332
8.3,37.79,360.81,2.395,20.8537
7.9,21.96,777.28,4.593,44.0076
2.6,31.12,794.42,2.683,25.9231
1.6,44.6,623.61,2.829,28.0614
3.6,26.73,720.43,3.364,29.8091
6.7,38.28,791.12,0.873,12.1127
6.0,29.84,362.61,0.563,4.3046
11.5,37.58,661.34,4.006,38.8642
0.3,20.36,395.32,0.879,3.9541
0.9,36.17,512.57,0.621,4.5953
4.6,40.13,653.05,2.018,23.0488
2.9,42.28,764.58,3.479,40.7777
7.4,22.65,756.78,4.854,47.732
3.3,43.08,733.39,3.482,41.3318
11.4,29.65,720.51,4.946,43.7638
10.3,33.31,741.57,1.699,17.5778
2.0,21.76,380.07,1.675,8.6429
11.1,31.61,529.32,0.873,6.9019
3.0,31.22,773.65,3.95,38.5907
5.8,31.87,602.68,2.06,20.7332
8.2,39.12,466.13,1.5,15.0763
12.4,24.34,464.13,1.667,9.7386
0.4,22.82,484.98,1.371,7.2526
3.6,22.83,412.04,4.917,29.8432
1.7,33.65,698.29,0.238,2.1052
11.2,28.85,337.35,4.57,27.6453
2.6,37.2,747.87,1.626,16.9467
3.3,38.18,323.71,1.979,14.4696
2.3,20.43,330.01,2.648,12.7254
11.2,31.44,693.52,0.276,2.506
3.6,32.01,326.47,4.32,28.8524
2.8,28.47,692.05,0.849,7.2545
6.0,38.2,445.96,3.079,30.1464
1.8,41.03,545.47,3.147,27.8157
12.0,34.09,420.32,4.275,29.8785
13.2,38.58,691.63,3.018,27.2123
0.6,43.19,669.81,1.375,12.9384
11.2,37.16,506.95,0.944,8.0354
12.4,23.17,526.14,1.803,10.9147
9.0,23.23,535.6,1.174,8.8551
12.0,29.0,755.88,3.238,27.9762
1.1,39.76,370.86,2.35,16.1407
9.0,22.35,636.28,1.651,13.3855
12.9,38.43,480.05,0.979,7.3988
2.5,32.7,398.34,4.214,28.9437
9.0,31.76,558.34,3.811,35.1728
11.2,42.27,597.08,2.396,24.2068
9.0,26.29,349.7,1.745,11.5637
9.2,22.61,655.48,0.307,2.5183
4.2,39.95,434.75,0.682,6.1528
7.7,34.97,754.72,1.694,21.1066
6.4,20.51,329.93,4.477,27.3318
9.0,39.54,563.8,4.823,51.4677
9.8,43.72,708.59,2.389,29.6193
5.2,33.47,753.2,3.124,35.6606
9.3,22.01,761.38,4.665,40.9543
4.7,22.75,303.29,2.187,12.4425
4.6,22.07,329.15,4.886,28.0768
3.4,20.57,451.75,1.275,7.5571
12.1,21.58,371.93,3.063,15.4873
3.6,43.33,350.49,4.051,33.902
7.9,27.6,792.98,3.111,34.2301
1.8,24.12,715.17,3.073,22.823
7.7,39.65,693.34,3.003,38.6156
8.8,29.22,620.29,4.866,45.7079
3.4,22.99,342.43,4.491,24.9669
3.3,38.24,383.88,4.481,35.1927
11.2,23.8,395.14,2.42,14.0318
8.5,35.8,706.05,0.562,6.5491
4.0,21.5,322.83,0.218,1.1845
13.3,37.34,413.95,0.758,5.0938
5.9,32.1,525.56,1.928,18.224
11.8,41.06,370.66,3.182,24.0672
10.7,38.41,552.41,0.437,4.0984
8.2,37.13,657.98,1.149,13.3758
7.5,34.09,371.54,3.253,27.9897
8.9,24.86,567.16,0.609,4.9392
9.7,40.98,450.11,1.449,13.5941
6.8,43.75,799.03,3.303,50.6931
8.8,41.15,730.15,2.169,27.7947
11.9,42.46,697.38,2.596,27.4405
2.0,29.88,764.18,3.393,30.0391
11.7,40.98,763.37,1.074,11.8492
12.2,26.23,590.82,4.207,29.3892
6.3,40.37,539.96,3.723,42.2245
10.6,30.2,339.52,4.702,30.4185
10.0,40.1,364.76,2.505,20.7158
13.6,21.76,733.05,1.305,8.4282
1.6,34.91,791.14,4.577,44.344
12.0,29.82,681.96,2.101,17.37
11.4,44.3,777.13,2.757,33.0585
5.9,30.05,521.35,1.521,13.7545
8.7,24.71,736.5,3.414,32.3288
10.8,35.23,608.85,3.305,30.6909
5.4,35.41,612.42,0.214,2.2718
13.1,27.35,518.5,3.37,21.1447
9.1,20.03,327.25,0.271,1.5036
3.8,27.25,419.27,0.567,3.8727
4.1,40.53,371.89,2.525,21.3288
0.3,23.62,555.91,2.39,13.7037
9.6,25.33,790.42,2.736,26.065
9.4,27.04,662.64,1.579,14.226
0.5,44.56,446.37,4.12,31.8076
5.0,20.3,610.08,2.117,15.9562
11.2,40.09,635.6,3.834,38.6912
1.5,23.41,545.46,3.733,22.9932
12.5,26.43,750.31,1.503,11.8418
3.2,28.96,649.75,4.092,34.9278
12.3,39.99,670.61,4.453,43.0266
12.3,27.98,470.27,2.709,17.3522
0.1,36.12,453.7,1.328,8.7151
3.0,26.39,726.7,1.56,13.2948
0.9,35.48,501.28,3.434,24.8189
2.9,44.0,477.08,4.474,41.637
7.0,32.94,398.94,2.034,18.1206
0.8,34.76,776.79,1.357,12.2551
13.5,39.02,755.69,4.519,42.3188
11.3,24.81,583.76,0.156,1.1133
9.2,30.31,546.16,0.113,0.9909
4.5,36.16,660.06,2.682,28.6207
8.7,21.9,386.62,1.231,7.8332
7.1,37.59,431.99,3.294,32.9314
4.7,21.85,711.08,1.087,9.1274
12.6,26.46,558.69,1.852,12.278
3.3,44.11,769.87,0.271,3.366
6.8,36.26,577.57,2.523,28.3468
0.2,28.42,640.31,1.877,12.8045
13.2,40.62,379.82,4.986,34.3492
1.4,22.96,625.83,1.134,7.3925
1.1,27.69,624.02,1.22,8.6309
3.2,34.72,507.02,1.771,14.7977
12.5,38.41,570.1,3.192,27.0781
5.8,41.86,707.44,0.9,11.8291
7.6,22.76,418.0,3.976,28.3403
4.7,20.78,669.86,2.066,16.329
0.2,38.7,431.18,1.522,10.2787
11.3,37.95,362.26,1.191,8.7454
3.7,24.79,792.29,4.573,41.3747
13.3,31.18,692.22,0.966,7.5584
4.1,37.55,499.07,4.648,42.7739
8.1,38.59,472.98,4.43,44.6754
11.6,36.64,352.3,4.93,34.3051
3.0,30.0,526.01,0.2,1.5366
9.6,23.94,786.82,0.673,6.1975
8.4,20.3,718.4,4.291,36.6811
4.1,23.93,397.6,1.77,11.1709
8.6,43.25,369.17,3.834,36.3004
6.8,38.37,484.43,0.613,6.5279
13.8,29.3,491.69,0.278,1.6793
3.3,32.95,355.89,2.561,17.7075
5.6,42.45,611.57,4.948,59.7981
4.9,27.4,651.09,0.64,5.8505
6.8,32.77,498.49,3.721,36.3355
1.8,41.59,344.0,3.503,25.225
5.4,33.56,630.27,4.691,48.9082
10.9,25.56,350.74,0.441,2.5759
8.4,20.26,701.49,1.968,16.5733
7.7,34.27,320.76,3.171,25.5156
9.4,34.12,486.35,3.952,34.7532
0.2,36.11,443.06,1.779,11.6307
6.5,28.0,304.7,1.657,11.6818
7.6,31.72,535.25,4.687,45.5697
11.9,30.83,772.03,3.399,31.0614
8.0,25.43,580.55,3.33,29.0711
6.0,38.66,485.24,2.21,22.7146
1.6,21.63,515.76,2.667,15.4117
9.5,31.48,627.13,3.611,34.3205
9.5,41.31,346.58,4.343,36.9235
13.4,34.83,315.23,2.413,13.73
2.9,26.81,573.82,0.129,0.965
1.3,39.97,351.86,1.696,11.5968
4.6,25.19,595.49,1.123,9.1584
6.7,35.51,324.31,3.013,25.4216
4.5,25.51,395.2,2.031,13.5535
8.8,23.78,451.04,2.721,19.2997
6.0,22.96,779.94,3.746,36.6312
6.3,42.0,560.26,4.909,58.2949
2.4,45.0,614.48,2.189,22.8575
13.1,28.4,675.03,1.535,11.3578
7.4,29.26,666.87,3.642,38.4051
3.6,42.53,428.89,4.675,42.1908
7.1,41.17,718.77,2.285,31.7304
13.7,39.02,329.69,2.878,17.5442
6.6,36.57,323.5,4.379,37.4246
0.3,26.84,370.04,1.935,9.8167
6.8,42.2,461.63,4.534,50.2598
4.2,32.3,383.34,0.316,2.3503
2.2,30.18,753.63,4.269,38.2072
6.9,27.97,544.98,2.284,21.3257
6.9,25.7,511.7,4.31,37.1171
3.9,39.54,719.12,3.234,37.1328
2.2,38.79,575.2,2.197,19.758
13.0,26.33,665.53,3.401,24.0656
2.8,43.59,331.67,0.693,5.4201
12.6,32.43,782.65,0.345,3.1271
11.6,28.45,762.49,0.171,1.5077
1.3,35.23,681.33,4.961,43.3239
4.2,24.32,619.84,4.119,32.9118
8.7,34.38,624.49,0.781,8.1804
11.5,30.07,559.04,3.246,24.9716
7.2,25.8,581.97,4.538,41.676
5.9,36.7,383.86,0.709,6.2857
9.9,31.72,621.46,0.332,3.0821
6.2,44.03,337.79,4.298,41.4345
11.3,23.59,371.56,4.811,26.8593
7.5,33.14,510.31,2.123,20.8035
5.4,44.1,617.13,0.666,8.2135
13.9,36.54,707.53,0.879,7.3585
5.9,42.43,325.68,4.731,43.1415
8.4,32.55,318.41,2.529,18.9357
1.7,30.72,579.47,0.939,7.0737
6.5,28.06,523.05,2.862,25.6839
5.8,32.33,327.41,4.747,36.168
6.1,25.24,754.33,4.964,50.3588
6.0,22.02,474.38,1.748,12.7279
2.6,43.8,385.74,4.686,38.666
6.0,20.96,729.31,0.159,1.4238
9.4,36.25,656.92,1.869,20.0366
13.4,32.48,433.49,1.05,6.548
5.1,28.49,772.77,2.757,28.8266
13.1,40.99,563.29,4.099,34.5843
0.8,28.75,744.78,4.043,31.6903
1.3,43.09,442.46,1.742,13.8638
6.3,40.84,387.61,1.667,16.2622
10.3,21.26,673.02,4.558,34.4827
4.2,31.7,671.04,2.805,27.3401
6.9,42.29,402.19,0.88,9.2114
11.3,34.46,778.12,1.394,14.2589
4.3,40.78,367.35,4.664,39.814
11.6,41.0,555.42,4.061,37.6864
8.7,27.61,370.36,3.068,21.7761
10.4,42.25,597.92,3.789,40.2364
4.5,42.51,714.84,3.176,39.506
13.6,29.88,301.21,0.628,3.1478
13.1,24.51,706.68,4.223,29.5095
11.1,38.1,745.45,3.306,35.6023
10.0,21.93,654.19,0.432,3.3267
11.9,33.78,508.66,0.503,3.8564
8.4,32.07,740.58,1.067,11.9996
2.3,44.53,547.43,2.269,21.9628
2.0,44.25,743.34,0.106,1.1889
0.8,31.45,326.47,0.853,4.6851
5.7,21.95,700.99,1.095,9.6561
2.2,30.89,674.96,0.401,3.4113
12.3,35.35,556.17,1.46,11.7435
13.9,44.17,380.06,0.363,2.5136
12.5,38.11,351.49,2.397,16.0969
4.1,34.44,751.24,3.981,43.4033
2.2,43.2,583.35,0.497,4.8413
13.7,25.22,599.42,4.036,24.9789
2.5,32.56,390.72,2.058,13.9781
0.4,43.7,783.65,2.328,23.8753
1.9,39.16,470.07,0.514,4.1139
8.4,23.73,454.01,0.998,7.2486
8.4,34.21,486.21,4.343,40.4229
7.1,44.65,325.84,3.115,30.9779
4.2,29.61,617.28,1.405,12.5375
6.1,39.66,662.74,1.974,24.4806
4.7,28.12,556.57,3.54,29.8178
1.1,25.37,605.15,4.775,31.5979
1.5,31.14,686.21,3.806,31.3354
12.2,21.59,732.44,4.095,29.0768
7.1,27.54,637.54,3.346,33.7039
8.2,26.9,595.23,4.553,41.1538
12.1,27.99,510.01,2.024,13.682
9.4,39.98,466.64,0.606,5.7881
0.1,44.98,798.89,4.02,41.6031
8.6,39.34,495.91,3.54,36.03
10.1,32.56,719.12,2.294,23.2519
9.1,29.07,386.44,2.429,17.702
12.6,35.96,403.67,4.281,29.179
1.4,41.38,304.09,3.781,25.1522
11.8,26.8,395.45,2.511,14.9711
4.1,39.62,428.11,1.253,11.0972
2.9,22.66,344.59,0.274,1.4692
9.4,30.51,442.34,4.076,31.9601
12.1,35.53,454.82,3.982,29.4451
13.8,38.38,758.25,1.964,17.8247
2.0,20.78,483.23,4.544,25.5804
13.8,27.2,354.81,4.09,20.3885
10.3,25.24,309.0,2.985,17.0769
2.9,42.3,302.25,2.002,14.8914
9.8,43.49,640.01,2.263,26.3696
1.4,35.04,791.86,0.573,5.4914
5.6,30.74,408.69,2.968,23.8242
6.0,38.59,712.28,3.907,49.3514
3.8,36.67,474.09,3.74,32.4645
13.2,40.5,346.87,3.011,19.9268
4.4,25.85,449.08,4.915,34.833
6.1,27.57,304.59,3.219,22.0261
9.2,34.21,613.6,2.605,26.2007
0.2,42.13,312.51,4.962,30.9483
0.2,32.77,735.37,3.609,29.0684
9.8,32.76,329.92,0.429,3.0241
3.9,38.98,316.95,1.408,10.7316
3.1,28.18,771.88,0.321,2.9643
9.1,22.99,441.44,2.234,15.1486
12.4,21.68,429.32,2.02,10.6923
4.6,43.62,408.05,1.535,14.6083
6.0,32.58,716.66,1.663,18.9196
10.4,27.38,446.98,1.451,10.1155
4.2,20.56,662.63,4.674,35.484
5.4,43.86,772.05,4.103,57.4022
4.5,38.6,529.17,2.482,24.5189
11.1,24.36,600.67,0.616,4.4761
3.4,30.02,493.54,2.369,18.0723
12.3,24.02,578.03,2.131,13.9142
1.5,27.78,394.8,1.337,7.758
10.1,39.69,717.9,1.274,14.6503
0.9,38.4,525.85,0.417,3.2503
8.9,23.24,723.97,0.893,8.0069
13.7,38.13,374.71,2.158,13.6598
7.1,22.19,438.71,0.98,7.2293
11.1,21.55,351.0,3.78,19.8914
0.5,28.64,730.64,4.889,36.9789
12.8,35.65,530.2,4.383,33.3981
6.3,37.69,784.8,1.436,19.2275
8.8,27.38,327.86,2.125,14.199
8.9,26.33,736.19,0.315,3.0564
8.7,34.06,477.09,1.388,12.5582
13.4,30.76,595.03,2.481,17.5545
5.2,34.66,477.64,3.561,32.4166
8.3,29.47,740.24,3.458,37.1356
0.2,34.43,552.83,4.814,34.0841
12.5,20.62,320.94,0.279,1.2627
2.1,20.96,434.08,1.143,6.1808
4.1,23.57,724.15,1.09,9.3051
13.6,33.64,622.83,1.744,13.1744
1.9,36.97,591.65,0.878,7.6153
4.3,34.12,729.05,2.672,28.7797
2.2,32.27,567.77,2.367,18.7952
6.2,21.63,385.28,4.455,29.5061
12.4,41.67,723.93,4.465,46.0554
0.6,44.1,318.25,2.454,16.3845
6.1,25.9,592.98,3.399,30.4849
6.1,44.65,645.92,2.531,33.5216
5.1,21.45,545.04,2.166,15.8954
5.4,36.55,386.17,1.719,14.8361
11.2,27.06,543.96,3.844,27.9288
5.5,22.13,762.39,3.777,34.784
2.4,38.68,369.9,3.099,22.8022
6.0,38.28,347.53,0.67,5.8854
7.2,29.3,303.99,0.537,3.9447
9.8,39.48,628.32,3.776,40.7981
11.8,44.8,365.64,3.501,27.9398
9.0,25.94,760.92,1.86,18.1526
13.5,22.71,715.66,2.51,16.4674
10.6,27.32,794.37,1.164,10.944
6.0,34.89,720.28,3.727,44.3958
0.4,21.95,322.76,3.845,16.6449
4.2,43.97,404.15,0.297,2.7655
5.0,34.27,493.09,0.7,6.3562
2.4,26.81,681.06,4.043,32.2189
2.1,42.87,308.67,1.183,8.5007
3.9,33.02,666.08,0.592,5.7897
6.9,36.93,410.47,2.699,26.0579
6.5,26.4,542.22,2.903,25.6233
9.7,20.65,606.53,2.44,17.772
8.1,27.61,775.59,0.532,5.7156
11.1,43.17,553.0,3.445,34.1037
13.7,23.36,702.18,2.143,13.9062
12.0,38.25,470.31,2.109,16.7359
0.8,22.89,382.89,2.367,11.5775
4.2,22.74,425.45,0.227,1.4455
8.0,29.06,549.67,2.897,26.5313
10.6,40.97,794.96,4.362,52.8662
7.7,21.65,698.99,3.35,30.221
5.3,26.78,427.39,2.988,22.2039
9.8,29.27,701.58,4.269,40.6879
8.2,43.76,495.72,1.778,19.8633
2.6,22.38,550.23,3.112,20.2249
5.1,29.75,698.52,2.514,25.3956
1.7,37.17,774.71,1.917,19.2218
8.6,26.08,503.29,3.29,26.1956
9.7,43.04,482.75,0.951,9.5403
11.3,36.16,784.17,0.265,2.8085
6.9,43.82,639.26,1.992,26.9773
7.7,30.09,654.23,0.497,5.1908
10.5,23.96,446.32,4.888,31.4041
10.4,33.8,689.67,3.93,39.0828
4.0,33.85,417.27,4.537,35.6596
